title,video_url,views,video_age
WEB SCRAPING JOB accomplishment for my client,https://www.youtube.com//watch?v=gq9o9nTcAEw,96 –ø—Ä–æ—Å–º–æ—Ç—Ä–æ–≤,1 –¥–µ–Ω—å –Ω–∞–∑–∞–¥
Coding tic tac toe AI using reinforcement learning (MCTS): backpropagation & FINAL RESULT demo,https://www.youtube.com//watch?v=Xu2i-H6mZLM,42 –ø—Ä–æ—Å–º–æ—Ç—Ä–∞,1 –Ω–µ–¥–µ–ª—é –Ω–∞–∑–∞–¥
Coding tic tac toe AI using reinforcement learning (MCTS): rollout simulation,https://www.youtube.com//watch?v=q3TO5pH1i9c,16 –ø—Ä–æ—Å–º–æ—Ç—Ä–æ–≤,1 –Ω–µ–¥–µ–ª—é –Ω–∞–∑–∞–¥
Coding tic tac toe AI using reinforcement learning (MCTS): expanding NODES to populate GAME TREE,https://www.youtube.com//watch?v=u5n-8H9Z0ng,17 –ø—Ä–æ—Å–º–æ—Ç—Ä–æ–≤,1 –Ω–µ–¥–µ–ª—é –Ω–∞–∑–∞–¥
Coding tic tac toe AI using reinforcement learning (MCTS): selecting NODES in GAME TREE,https://www.youtube.com//watch?v=TZphyWu2ZjM,23 –ø—Ä–æ—Å–º–æ—Ç—Ä–∞,1 –Ω–µ–¥–µ–ª—é –Ω–∞–∑–∞–¥
Coding tic tac toe AI using reinforcement learning (MCTS): exploration/explotation tradeoff with UCT,https://www.youtube.com//watch?v=WEbleRp6qrI,32 –ø—Ä–æ—Å–º–æ—Ç—Ä–∞,1 –Ω–µ–¥–µ–ª—é –Ω–∞–∑–∞–¥
Coding tic tac toe AI using reinforcement learning (MCTS): defining MCTS class,https://www.youtube.com//watch?v=y1dVMzj5he0,25 –ø—Ä–æ—Å–º–æ—Ç—Ä–æ–≤,1 –Ω–µ–¥–µ–ª—é –Ω–∞–∑–∞–¥
Coding tic tac toe AI using reinforcement learning (MCTS): defining TREE NODE class,https://www.youtube.com//watch?v=uTfO67PQYns,27 –ø—Ä–æ—Å–º–æ—Ç—Ä–æ–≤,1 –Ω–µ–¥–µ–ª—é –Ω–∞–∑–∞–¥
Coding tic tac toe AI using reinforcement learning (MCTS): implementing GAME LOOP,https://www.youtube.com//watch?v=YeW8yIyIYss,45 –ø—Ä–æ—Å–º–æ—Ç—Ä–æ–≤,2 –Ω–µ–¥–µ–ª–∏ –Ω–∞–∑–∞–¥
Coding tic tac toe AI using reinforcement learning (MCTS): generating LEGAL MOVES (board states),https://www.youtube.com//watch?v=LeRCUu5U3kw,21 –ø—Ä–æ—Å–º–æ—Ç—Ä,2 –Ω–µ–¥–µ–ª–∏ –Ω–∞–∑–∞–¥
Coding tic tac toe AI using reinforcement learning (MCTS): getting terminal game states (WIN/DRAW),https://www.youtube.com//watch?v=m9lCj7tc7Es,24 –ø—Ä–æ—Å–º–æ—Ç—Ä–∞,2 –Ω–µ–¥–µ–ª–∏ –Ω–∞–∑–∞–¥
Coding tic tac toe AI using reinforcement learning (MCTS): defining board class & make move method,https://www.youtube.com//watch?v=rY25jCtSidM,59 –ø—Ä–æ—Å–º–æ—Ç—Ä–æ–≤,2 –Ω–µ–¥–µ–ª–∏ –Ω–∞–∑–∞–¥
Coding tic tac toe AI using reinforcement learning (MCTS): intro & demo,https://www.youtube.com//watch?v=-GRls60yRsQ,79 –ø—Ä–æ—Å–º–æ—Ç—Ä–æ–≤,2 –Ω–µ–¥–µ–ª–∏ –Ω–∞–∑–∞–¥
Web scraping list of LAWYERS from gtla.com for my subscriber | Python SCRAPY,https://www.youtube.com//watch?v=L0fFH2N2YZE,141 –ø—Ä–æ—Å–º–æ—Ç—Ä,3 –Ω–µ–¥–µ–ª–∏ –Ω–∞–∑–∞–¥
Web scraping JSON data in ONE LINE of PYTHON code | Crestron commercial dealers with SCRAPY,https://www.youtube.com//watch?v=ak0FjCOj7QM,100 –ø—Ä–æ—Å–º–æ—Ç—Ä–æ–≤,3 –Ω–µ–¥–µ–ª–∏ –Ω–∞–∑–∞–¥
Real estate sites crawling strategy + template scraper | Python SCRAPY,https://www.youtube.com//watch?v=w3LgnBliqRA,123 –ø—Ä–æ—Å–º–æ—Ç—Ä–∞,3 –Ω–µ–¥–µ–ª–∏ –Ω–∞–∑–∞–¥
WEB SCRAPING TABLES from WEBSITES in ONE LINE of PYTHON CODE written within a SCRAPY SHELL,https://www.youtube.com//watch?v=JGPKoAJBtZw,153 –ø—Ä–æ—Å–º–æ—Ç—Ä–∞,1 –º–µ—Å—è—Ü –Ω–∞–∑–∞–¥
What I've learned from writing 100+ REAL ESTATE PROPERTY scrapers,https://www.youtube.com//watch?v=78JeY9y5S38,138 –ø—Ä–æ—Å–º–æ—Ç—Ä–æ–≤,1 –º–µ—Å—è—Ü –Ω–∞–∑–∞–¥
MASSIVE WEB SCRAPING - improving the crawling through REAL ESTATE PROPERTIES sites | Python SCRAPY,https://www.youtube.com//watch?v=E6rut-ozKhQ,250 –ø—Ä–æ—Å–º–æ—Ç—Ä–æ–≤,1 –º–µ—Å—è—Ü –Ω–∞–∑–∞–¥
I bought lapel mic BOYA BY-M1 to improve the sound quality of my programming tutorials,https://www.youtube.com//watch?v=ivpgtXR8ZUg,65 –ø—Ä–æ—Å–º–æ—Ç—Ä–æ–≤,1 –º–µ—Å—è—Ü –Ω–∞–∑–∞–¥
CMK gets 1K subs! Recent projects & new plans regarding the channel development,https://www.youtube.com//watch?v=TLOv9BEqSGc,58 –ø—Ä–æ—Å–º–æ—Ç—Ä–æ–≤,1 –º–µ—Å—è—Ü –Ω–∞–∑–∞–¥
I got ACCEPTED BY chess programming COMMUNITY link to my channel was added to CHESS PROGRAMMING WIKI,https://www.youtube.com//watch?v=K7ppbT3KpFU,116 –ø—Ä–æ—Å–º–æ—Ç—Ä–æ–≤,2 –º–µ—Å—è—Ü–∞ –Ω–∞–∑–∞–¥
Proper way of passing FORM DATA along with POST request | Python SCRAPY tutorial,https://www.youtube.com//watch?v=YcJIY8kZlJQ,435 –ø—Ä–æ—Å–º–æ—Ç—Ä–æ–≤,3 –º–µ—Å—è—Ü–∞ –Ω–∞–∑–∞–¥
How to make POST request with SCRAPY and pass form data - FormRequest alternative that always works,https://www.youtube.com//watch?v=F0IfuZ2Ghy4,372 –ø—Ä–æ—Å–º–æ—Ç—Ä–∞,3 –º–µ—Å—è—Ü–∞ –Ω–∞–∑–∞–¥
I'VE CREATED 26 CHESS PROGRAMMING VIDEOS WITHIN THE LAST FEW DAYS,https://www.youtube.com//watch?v=CKepFe9bJ4c,115 –ø—Ä–æ—Å–º–æ—Ç—Ä–æ–≤,3 –º–µ—Å—è—Ü–∞ –Ω–∞–∑–∞–¥
I'm starting new YouTube channel!,https://www.youtube.com//watch?v=g4la8tiYsbk,191 –ø—Ä–æ—Å–º–æ—Ç—Ä,3 –º–µ—Å—è—Ü–∞ –Ω–∞–∑–∞–¥
python programming assignments - Extracting 25 most common words from a website with bare Python,https://www.youtube.com//watch?v=wDMqP7n7tpY,248 –ø—Ä–æ—Å–º–æ—Ç—Ä–æ–≤,3 –º–µ—Å—è—Ü–∞ –Ω–∞–∑–∞–¥
Helping my subscriber to handle option select on change event to download files using Python & Flask,https://www.youtube.com//watch?v=ZSR0_IWoFnU,123 –ø—Ä–æ—Å–º–æ—Ç—Ä–∞,3 –º–µ—Å—è—Ü–∞ –Ω–∞–∑–∞–¥
Scraping smartphones price list from E-Commerce site in 1 line of code written within a scrapy shell,https://www.youtube.com//watch?v=seJQZaHS0hY,369 –ø—Ä–æ—Å–º–æ—Ç—Ä–æ–≤,3 –º–µ—Å—è—Ü–∞ –Ω–∞–∑–∞–¥
BRAINFUCK encryption - SACRILEGIOUS web site DATA EXTRACTION PREVENTION by Code Monkey King,https://www.youtube.com//watch?v=Po2p4weX8vo,112 –ø—Ä–æ—Å–º–æ—Ç—Ä–æ–≤,3 –º–µ—Å—è—Ü–∞ –Ω–∞–∑–∞–¥
Crafting E-Commerce site out of CSV price list in under 45 minutes with Python & Flask,https://www.youtube.com//watch?v=Umo9YOxfEik,163 –ø—Ä–æ—Å–º–æ—Ç—Ä–∞,3 –º–µ—Å—è—Ü–∞ –Ω–∞–∑–∞–¥
udemy python courses web scraping tutorial,https://www.youtube.com//watch?v=T7r1xyN_47c,435 –ø—Ä–æ—Å–º–æ—Ç—Ä–æ–≤,3 –º–µ—Å—è—Ü–∞ –Ω–∞–∑–∞–¥
Sacrilegious WEB SCRAPING data protection created on the knee by Code Monkey King,https://www.youtube.com//watch?v=4DkSL48S9uM,105 –ø—Ä–æ—Å–º–æ—Ç—Ä–æ–≤,3 –º–µ—Å—è—Ü–∞ –Ω–∞–∑–∞–¥
Sacrilegious WEB SCRAPING challenge - only LING LING can solve it!,https://www.youtube.com//watch?v=J3s1ASsbTLQ,148 –ø—Ä–æ—Å–º–æ—Ç—Ä–æ–≤,3 –º–µ—Å—è—Ü–∞ –Ω–∞–∑–∞–¥
WEB SCRAPING BENCHMARK in 1 LINE OF CODE to reveal possible data leaks in the spiders | Scrapy Shell,https://www.youtube.com//watch?v=hU0JrMdUT_s,80 –ø—Ä–æ—Å–º–æ—Ç—Ä–æ–≤,4 –º–µ—Å—è—Ü–∞ –Ω–∞–∑–∞–¥
Bulk downloading FREE IRISH LACE MOTIF PATTERNS in 1 LINE OF PYTHON CODE written in the SCRAPY SHELL,https://www.youtube.com//watch?v=HEW7Cl8FAes,93 –ø—Ä–æ—Å–º–æ—Ç—Ä–∞,4 –º–µ—Å—è—Ü–∞ –Ω–∞–∑–∞–¥
Coding VISUAL HTML element SELECTOR tool running within Chrome Developer tools console using JQuery,https://www.youtube.com//watch?v=EqiGCi8MrdY,77 –ø—Ä–æ—Å–º–æ—Ç—Ä–æ–≤,4 –º–µ—Å—è—Ü–∞ –Ω–∞–∑–∞–¥
Upwork direct contracts to charge non-Upwork clients,https://www.youtube.com//watch?v=CDwt3HBtu_w,357 –ø—Ä–æ—Å–º–æ—Ç—Ä–æ–≤,4 –º–µ—Å—è—Ü–∞ –Ω–∞–∑–∞–¥
Making $50 on web scraping in less than 40 minutes via writing 1 LINE OF CODE in the SCRAPY SHELL,https://www.youtube.com//watch?v=axjRFqekEVY,197 –ø—Ä–æ—Å–º–æ—Ç—Ä–æ–≤,4 –º–µ—Å—è—Ü–∞ –Ω–∞–∑–∞–¥
Coding JSONL to Python dictionary parser,https://www.youtube.com//watch?v=ed_IP4eEpes,116 –ø—Ä–æ—Å–º–æ—Ç—Ä–æ–≤,4 –º–µ—Å—è—Ü–∞ –Ω–∞–∑–∞–¥
How to get rid of indentations in JSONL files in ONE LINE of PYTHON code,https://www.youtube.com//watch?v=x0Z0jec4at8,115 –ø—Ä–æ—Å–º–æ—Ç—Ä–æ–≤,4 –º–µ—Å—è—Ü–∞ –Ω–∞–∑–∞–¥
Real World WEB SCRAPING project that runs completely IN BROWSER using Chrome Devtools & JQuery,https://www.youtube.com//watch?v=8lgugygkFVI,162 –ø—Ä–æ—Å–º–æ—Ç—Ä–∞,4 –º–µ—Å—è—Ü–∞ –Ω–∞–∑–∞–¥
WEB SCRAPING MAGIC - IN-BROWSER website CRAWLING & DATA EXTRACTION using Chrome Devtools & JQuery,https://www.youtube.com//watch?v=310EDPL0AXM,171 –ø—Ä–æ—Å–º–æ—Ç—Ä,4 –º–µ—Å—è—Ü–∞ –Ω–∞–∑–∞–¥
How to bypass CAPTCHA | Scraping Spanish real estate properties using Chrome Devtools and JQuery,https://www.youtube.com//watch?v=9ek7LFrnk4Y,374 –ø—Ä–æ—Å–º–æ—Ç—Ä–∞,4 –º–µ—Å—è—Ü–∞ –Ω–∞–∑–∞–¥
No more SELENIUM - PAGINATION CRAWLING using Chorme Developer Tools and JQuery for WEB SCRAPING,https://www.youtube.com//watch?v=kDr0ww9YUu8,256 –ø—Ä–æ—Å–º–æ—Ç—Ä–æ–≤,4 –º–µ—Å—è—Ü–∞ –Ω–∞–∑–∞–¥
Scraping LINKEDIN using Chrome Developer Tools,https://www.youtube.com//watch?v=0e75NhEBSQ4,398 –ø—Ä–æ—Å–º–æ—Ç—Ä–æ–≤,4 –º–µ—Å—è—Ü–∞ –Ω–∞–∑–∞–¥
WEB SCRAPING in WEB BROWSER with JQuery CRASH COURSE,https://www.youtube.com//watch?v=Fm2yXa1a4cg,173 –ø—Ä–æ—Å–º–æ—Ç—Ä–∞,4 –º–µ—Å—è—Ü–∞ –Ω–∞–∑–∞–¥
Extracting HTML table DATA and downloading it as CSV file using Chrome Developer Tools and JQuery,https://www.youtube.com//watch?v=t8HOnLEWy6A,145 –ø—Ä–æ—Å–º–æ—Ç—Ä–æ–≤,4 –º–µ—Å—è—Ü–∞ –Ω–∞–∑–∞–¥
Web scraping in browser - my very first attempt to scrape data using bare Chrome Developer Tools,https://www.youtube.com//watch?v=b7-xFBHPAGk,315 –ø—Ä–æ—Å–º–æ—Ç—Ä–æ–≤,4 –º–µ—Å—è—Ü–∞ –Ω–∞–∑–∞–¥
Coding infinite scroll Reddit scraper for my subscriber | Python SCRAPY,https://www.youtube.com//watch?v=xEXSer7Itf8,317 –ø—Ä–æ—Å–º–æ—Ç—Ä–æ–≤,4 –º–µ—Å—è—Ü–∞ –Ω–∞–∑–∞–¥
IMPORTANT NOTE for those who is asking Code Monkey King for HELP via EMAIL,https://www.youtube.com//watch?v=d4gf6W1bPGs,112 –ø—Ä–æ—Å–º–æ—Ç—Ä–æ–≤,4 –º–µ—Å—è—Ü–∞ –Ω–∞–∑–∞–¥
Helping my subscriber to extract coupon codes in 1 LINE OF PYTHON CODE written within a SCRAPY Shell,https://www.youtube.com//watch?v=CQ09tigr3kU,82 –ø—Ä–æ—Å–º–æ—Ç—Ä–∞,4 –º–µ—Å—è—Ü–∞ –Ω–∞–∑–∞–¥
REAL WORLD web scraping project in 1 LINE OF PYTHON CODE within a SCRAPY Shell by Code Monkey King,https://www.youtube.com//watch?v=lpkwzrjO_gQ,130 –ø—Ä–æ—Å–º–æ—Ç—Ä–æ–≤,4 –º–µ—Å—è—Ü–∞ –Ω–∞–∑–∞–¥
Downloading INVOICE images in ONE LINE OF CODE within a SCRAPY Shell,https://www.youtube.com//watch?v=aOCnM0YH0uw,52 –ø—Ä–æ—Å–º–æ—Ç—Ä–∞,4 –º–µ—Å—è—Ü–∞ –Ω–∞–∑–∞–¥
My subscriber has created ONE LINE SCRAPER to extract URLs - helping him to make it work properly,https://www.youtube.com//watch?v=hHXz6X2IIo4,54 –ø—Ä–æ—Å–º–æ—Ç—Ä–∞,4 –º–µ—Å—è—Ü–∞ –Ω–∞–∑–∞–¥
The most weird way to use SCRAPY Shell by Code Monkey King,https://www.youtube.com//watch?v=Woiu_EG0_N4,86 –ø—Ä–æ—Å–º–æ—Ç—Ä–æ–≤,4 –º–µ—Å—è—Ü–∞ –Ω–∞–∑–∞–¥
Scraping FREE PROXY LIST in 1 LINE OF PYTHON CODE within a SCRAPY Shell,https://www.youtube.com//watch?v=BinwoeJl4Q0,444 –ø—Ä–æ—Å–º–æ—Ç—Ä–∞,5 –º–µ—Å—è—Ü–µ–≤ –Ω–∞–∑–∞–¥
Scraping real estate properties data from realtor.com in ONE LINE OF CODE within a SCRAPY Shell,https://www.youtube.com//watch?v=7dnNA4cTUO4,160 –ø—Ä–æ—Å–º–æ—Ç—Ä–æ–≤,5 –º–µ—Å—è—Ü–µ–≤ –Ω–∞–∑–∞–¥
Scraping HTML table data from multiple pages to CSV in ONE LINE OF PYTHON CODE within SCRAPY Shell,https://www.youtube.com//watch?v=j1BgRWwQwYc,194 –ø—Ä–æ—Å–º–æ—Ç—Ä–∞,5 –º–µ—Å—è—Ü–µ–≤ –Ω–∞–∑–∞–¥
Helping my subscriber to reverse engineer AJAX request to get e-commerce products using SCRAPY Shell,https://www.youtube.com//watch?v=vfXKfyDVaYw,128 –ø—Ä–æ—Å–º–æ—Ç—Ä–æ–≤,5 –º–µ—Å—è—Ü–µ–≤ –Ω–∞–∑–∞–¥
ONE LINE OF PYTHON CODE within SCRAPY Shell to scrape cities' data from Real Estate website's API,https://www.youtube.com//watch?v=vbBzss456zY,77 –ø—Ä–æ—Å–º–æ—Ç—Ä–æ–≤,5 –º–µ—Å—è—Ü–µ–≤ –Ω–∞–∑–∞–¥
Scraping the list of cities in Poland from wikipedia by typing THE ONLY LINE OF CODE in SCRAPY Shell,https://www.youtube.com//watch?v=Rko7VGlSQjo,67 –ø—Ä–æ—Å–º–æ—Ç—Ä–æ–≤,5 –º–µ—Å—è—Ü–µ–≤ –Ω–∞–∑–∞–¥
PERFECT REQUEST OF ON DEMAND WEB SCRAPING TUTORIAL | Multi level recursive site crawling | SCRAPY,https://www.youtube.com//watch?v=1YLSllf1e78,279 –ø—Ä–æ—Å–º–æ—Ç—Ä–æ–≤,5 –º–µ—Å—è—Ü–µ–≤ –Ω–∞–∑–∞–¥
Helping my subscriber to store data to CSV in 1 LINE scraper he has created using SCRAPY Shell,https://www.youtube.com//watch?v=1VeiCBHNbd4,95 –ø—Ä–æ—Å–º–æ—Ç—Ä–æ–≤,5 –º–µ—Å—è—Ü–µ–≤ –Ω–∞–∑–∞–¥
Ultimate WEB SCRAPING guide on Code Monkey King's YouTube channel,https://www.youtube.com//watch?v=boW-V0CmOzg,740 –ø—Ä–æ—Å–º–æ—Ç—Ä–æ–≤,5 –º–µ—Å—è—Ü–µ–≤ –Ω–∞–∑–∞–¥
1 LINE recursive NEWS SCRAPER with SCRAPY SHELL | Python one liner,https://www.youtube.com//watch?v=hWd33gh5VZ8,104 –ø—Ä–æ—Å–º–æ—Ç—Ä–∞,5 –º–µ—Å—è—Ü–µ–≤ –Ω–∞–∑–∞–¥
Real Estate property scraper in 1 LINE OF CODE using SCRAPY shell,https://www.youtube.com//watch?v=QIAuCqtUOSY,223 –ø—Ä–æ—Å–º–æ—Ç—Ä–∞,5 –º–µ—Å—è—Ü–µ–≤ –Ω–∞–∑–∞–¥
Quotes scraper in only 2 LINES OF CODE | Python + Requests & Beautiful Soup,https://www.youtube.com//watch?v=Quvw5D5LKow,122 –ø—Ä–æ—Å–º–æ—Ç—Ä–∞,5 –º–µ—Å—è—Ü–µ–≤ –Ω–∞–∑–∞–¥
How to scrape PDF files using Python + Requests and BeautifulSoup,https://www.youtube.com//watch?v=VDd6dVrYzao,931 –ø—Ä–æ—Å–º–æ—Ç—Ä,5 –º–µ—Å—è—Ü–µ–≤ –Ω–∞–∑–∞–¥
Helping my subscriber to extract data from br tags using SCRAPY Shell in 2 ways,https://www.youtube.com//watch?v=7V2C0e66ZDk,112 –ø—Ä–æ—Å–º–æ—Ç—Ä–æ–≤,5 –º–µ—Å—è—Ü–µ–≤ –Ω–∞–∑–∞–¥
I've spent 4 hours to help my subscriber BYPASSING ANTI SCRAPING measure based on COOKIE INSPECTION,https://www.youtube.com//watch?v=1TAAMS6hl_0,514 –ø—Ä–æ—Å–º–æ—Ç—Ä–æ–≤,5 –º–µ—Å—è—Ü–µ–≤ –Ω–∞–∑–∞–¥
Tiny Scraper CRASH COURSE (Advanced) | beginners friendly WEB SCRAPING library by Code Monkey King,https://www.youtube.com//watch?v=1s0cevhIcAw,138 –ø—Ä–æ—Å–º–æ—Ç—Ä–æ–≤,5 –º–µ—Å—è—Ü–µ–≤ –Ω–∞–∑–∞–¥
Tiny Scraper CRASH COURSE (Basic) | beginners friendly WEB SCRAPING library by Code Monkey King,https://www.youtube.com//watch?v=btlVL8J6TiY,111 –ø—Ä–æ—Å–º–æ—Ç—Ä–æ–≤,5 –º–µ—Å—è—Ü–µ–≤ –Ω–∞–∑–∞–¥
Building minimalist OPEN SOURCE web scraping library with BARE PYTHON,https://www.youtube.com//watch?v=8nxCv7HSF5w,193 –ø—Ä–æ—Å–º–æ—Ç—Ä–∞,5 –º–µ—Å—è—Ü–µ–≤ –Ω–∞–∑–∞–¥
Parsing HTML document with Python and Regular Expressions for web scraping purposes,https://www.youtube.com//watch?v=UFbsUDm2aw0,720 –ø—Ä–æ—Å–º–æ—Ç—Ä–æ–≤,5 –º–µ—Å—è—Ü–µ–≤ –Ω–∞–∑–∞–¥
How to make PUT requests with SCRAPY to handle infinite scroll | Yahoo Answers web scraping tutorial,https://www.youtube.com//watch?v=54aBp0VzgI8,306 –ø—Ä–æ—Å–º–æ—Ç—Ä–æ–≤,5 –º–µ—Å—è—Ü–µ–≤ –Ω–∞–∑–∞–¥
Working on REAL WORLD web scraping project | Scraping product details from hummart.com,https://www.youtube.com//watch?v=ualKNteCpMc,344 –ø—Ä–æ—Å–º–æ—Ç—Ä–∞,5 –º–µ—Å—è—Ü–µ–≤ –Ω–∞–∑–∞–¥
My Subscriber did successfully start his freelancing career on Upwork!,https://www.youtube.com//watch?v=YuvLGjr4KyU,119 –ø—Ä–æ—Å–º–æ—Ç—Ä–æ–≤,5 –º–µ—Å—è—Ü–µ–≤ –Ω–∞–∑–∞–¥
Scraping list of ALL Italian POSTAL CODES | Python + Requests & BeautifulSoup + Regex,https://www.youtube.com//watch?v=jrHfWoOgPxI,119 –ø—Ä–æ—Å–º–æ—Ç—Ä–æ–≤,5 –º–µ—Å—è—Ü–µ–≤ –Ω–∞–∑–∞–¥
The VERY BASICS of BeautifulSoup HTML parsing: the bare minimum you should know to start freelancing,https://www.youtube.com//watch?v=9GidC0EZoK0,129 –ø—Ä–æ—Å–º–æ—Ç—Ä–æ–≤,5 –º–µ—Å—è—Ü–µ–≤ –Ω–∞–∑–∞–¥
How Eastern VS Western consciousness works in regards to software development | Code Monkey King,https://www.youtube.com//watch?v=oWv5HcLH-iA,114 –ø—Ä–æ—Å–º–æ—Ç—Ä–æ–≤,5 –º–µ—Å—è—Ü–µ–≤ –Ω–∞–∑–∞–¥
È§äÁîüÂ§™Ê•µÊéåÁ¨¨‰∏ÄÂ•ó Yangsheng Taichi Palm by Code Monkey King,https://www.youtube.com//watch?v=12hHVEGee9U,152 –ø—Ä–æ—Å–º–æ—Ç—Ä–∞,5 –º–µ—Å—è—Ü–µ–≤ –Ω–∞–∑–∞–¥
Scraping sports data for analytics and machine learning | Professional boxers database | SCRAPY,https://www.youtube.com//watch?v=OdZzeP3sNqY,290 –ø—Ä–æ—Å–º–æ—Ç—Ä–æ–≤,5 –º–µ—Å—è—Ü–µ–≤ –Ω–∞–∑–∞–¥
"ESCAPING ""I can't get a job with no experience and I can't get experience without a job"" DILEMMA",https://www.youtube.com//watch?v=y5aDPKSK5RM,90 –ø—Ä–æ—Å–º–æ—Ç—Ä–æ–≤,5 –º–µ—Å—è—Ü–µ–≤ –Ω–∞–∑–∞–¥
Working with COOKIES and HEADERS in Python SCRAPY framework or REQUESTS package,https://www.youtube.com//watch?v=NvkWfjMWn7Y,"1,2¬†—Ç—ã—Å. –ø—Ä–æ—Å–º–æ—Ç—Ä–æ–≤",5 –º–µ—Å—è—Ü–µ–≤ –Ω–∞–∑–∞–¥
Helping my subscriber to extract variable's data from javascript file,https://www.youtube.com//watch?v=B3iMTyr9R94,121 –ø—Ä–æ—Å–º–æ—Ç—Ä,5 –º–µ—Å—è—Ü–µ–≤ –Ω–∞–∑–∞–¥
Scraping Spanish real estate properties from idealista.com | REAL WORLD project | Python SCRAPY,https://www.youtube.com//watch?v=4Tv73KuqgVo,754 –ø—Ä–æ—Å–º–æ—Ç—Ä–∞,5 –º–µ—Å—è—Ü–µ–≤ –Ω–∞–∑–∞–¥
Scraping ALL Spain postal codes | Data extraction tutorial | Python + Requests & BeautifuSoup,https://www.youtube.com//watch?v=M1anxtYSZMA,223 –ø—Ä–æ—Å–º–æ—Ç—Ä–∞,5 –º–µ—Å—è—Ü–µ–≤ –Ω–∞–∑–∞–¥
From NO SKILLS to landing a JOB OF YOUR DREAM as PYTHON DEVELOPER specializing in WEB SCRAPING,https://www.youtube.com//watch?v=ovlHclF8plY,205 –ø—Ä–æ—Å–º–æ—Ç—Ä–æ–≤,5 –º–µ—Å—è—Ü–µ–≤ –Ω–∞–∑–∞–¥
Making $100 in 3 hours on real world WEB SCRAPING project | Nederland real estate property scraper,https://www.youtube.com//watch?v=VG5uNruyoxs,427 –ø—Ä–æ—Å–º–æ—Ç—Ä–æ–≤,5 –º–µ—Å—è—Ü–µ–≤ –Ω–∞–∑–∞–¥
Helping my subscriber to scrape INFINITE SCROLL / DYNAMICALLY LOADED pages fed by AJAX with SCRAPY,https://www.youtube.com//watch?v=pd6HnomLc0Y,645 –ø—Ä–æ—Å–º–æ—Ç—Ä–æ–≤,5 –º–µ—Å—è—Ü–µ–≤ –Ω–∞–∑–∞–¥
Helping my subscriber to create Flask app running google search scraper to mimic Google behavior,https://www.youtube.com//watch?v=GJdEHJPo6O0,140 –ø—Ä–æ—Å–º–æ—Ç—Ä–æ–≤,6 –º–µ—Å—è—Ü–µ–≤ –Ω–∞–∑–∞–¥
Scraping images with Python SCRAPY | 2 lines of code solution | No Image Pipelines,https://www.youtube.com//watch?v=EUOa1OCdSgM,241 –ø—Ä–æ—Å–º–æ—Ç—Ä,6 –º–µ—Å—è—Ü–µ–≤ –Ω–∞–∑–∞–¥
Helping my subscriber to scrape JOB ADs from jobs.lk | Python + Requests & BeautifulSoup,https://www.youtube.com//watch?v=ZuA8at_LFic,104 –ø—Ä–æ—Å–º–æ—Ç—Ä–∞,6 –º–µ—Å—è—Ü–µ–≤ –Ω–∞–∑–∞–¥
Scraping Austrian real estate properties from Willhaben | Python SCRAPY,https://www.youtube.com//watch?v=6XNo-C06P8s,269 –ø—Ä–æ—Å–º–æ—Ç—Ä–æ–≤,6 –º–µ—Å—è—Ü–µ–≤ –Ω–∞–∑–∞–¥
Scraping Scrapy blog articles by Aaron S. from medium,https://www.youtube.com//watch?v=TGPiN5NJg9o,256 –ø—Ä–æ—Å–º–æ—Ç—Ä–æ–≤,6 –º–µ—Å—è—Ü–µ–≤ –Ω–∞–∑–∞–¥
Working on subscriber's code to fit the output to CSV format | Python Scrapy,https://www.youtube.com//watch?v=WDoWdbv-94s,105 –ø—Ä–æ—Å–º–æ—Ç—Ä–æ–≤,6 –º–µ—Å—è—Ü–µ–≤ –Ω–∞–∑–∞–¥
Selling DATA VS selling CODE | How to land freelance jobs in web scraping niche,https://www.youtube.com//watch?v=DAXPYHwmqe0,160 –ø—Ä–æ—Å–º–æ—Ç—Ä–æ–≤,6 –º–µ—Å—è—Ü–µ–≤ –Ω–∞–∑–∞–¥
Scraping Pakistan real estate properties from Zameen for my subscriber | Python Scrapy,https://www.youtube.com//watch?v=jMPj_plslTg,251 –ø—Ä–æ—Å–º–æ—Ç—Ä,6 –º–µ—Å—è—Ü–µ–≤ –Ω–∞–∑–∞–¥
Best Practices VS Real World experience in web scraping | Dr Pi's code review/reaction,https://www.youtube.com//watch?v=lLKiNgWUZHQ,101 –ø—Ä–æ—Å–º–æ—Ç—Ä,6 –º–µ—Å—è—Ü–µ–≤ –Ω–∞–∑–∞–¥
Scraping location IDs from Austrian real estate properties site | Python Scrapy,https://www.youtube.com//watch?v=c88k10vumLA,65 –ø—Ä–æ—Å–º–æ—Ç—Ä–æ–≤,6 –º–µ—Å—è—Ü–µ–≤ –Ω–∞–∑–∞–¥
Scraping list of all Austrian postal codes from Wikipedia | Python + Requests & BeautifulSoup,https://www.youtube.com//watch?v=kdERQ0o4NzY,127 –ø—Ä–æ—Å–º–æ—Ç—Ä–æ–≤,6 –º–µ—Å—è—Ü–µ–≤ –Ω–∞–∑–∞–¥
WEB SCRAPING in BARE PYTHON CHALLENGE | Recursive HTML element scraping,https://www.youtube.com//watch?v=Z-fpxEY8PWE,67 –ø—Ä–æ—Å–º–æ—Ç—Ä–æ–≤,6 –º–µ—Å—è—Ü–µ–≤ –Ω–∞–∑–∞–¥
Writing PYTHON script to display WEB CAMERA view in a window using OpenCV,https://www.youtube.com//watch?v=8zWq1uoq7po,68 –ø—Ä–æ—Å–º–æ—Ç—Ä–æ–≤,6 –º–µ—Å—è—Ü–µ–≤ –Ω–∞–∑–∞–¥
"WEB SCRAPING in BARE PYTHON | HTML parsing with ""html.parser""",https://www.youtube.com//watch?v=PwjP0berJR0,234 –ø—Ä–æ—Å–º–æ—Ç—Ä–∞,6 –º–µ—Å—è—Ü–µ–≤ –Ω–∞–∑–∞–¥
"WEB SCRAPING in BARE PYTHON | HTTP requests with ""urllib""",https://www.youtube.com//watch?v=fcnxo3iCaa0,144 –ø—Ä–æ—Å–º–æ—Ç—Ä–∞,6 –º–µ—Å—è—Ü–µ–≤ –Ω–∞–∑–∞–¥
"Scraping ""YELLOW PAGES"" in SWITZERLAND | Web scraping tutorial based on REAL WORLD SCRAPY project",https://www.youtube.com//watch?v=Aui_R1qMe1I,201 –ø—Ä–æ—Å–º–æ—Ç—Ä,6 –º–µ—Å—è—Ü–µ–≤ –Ω–∞–∑–∞–¥
Scraping BAHRAIN real estate property UNDER THE RAIN | The most romantic web scraping tutorial ever,https://www.youtube.com//watch?v=-MYm5nM9-lY,197 –ø—Ä–æ—Å–º–æ—Ç—Ä–æ–≤,6 –º–µ—Å—è—Ü–µ–≤ –Ω–∞–∑–∞–¥
How to run Scrapy spider from Flask app - extended answer to my subscriber's email,https://www.youtube.com//watch?v=GiaK_XDvjkY,384 –ø—Ä–æ—Å–º–æ—Ç—Ä–∞,6 –º–µ—Å—è—Ü–µ–≤ –Ω–∞–∑–∞–¥
Ultimate web scraping tutorial on numerous subscriber's demands - zillow US real estate properties,https://www.youtube.com//watch?v=APa8HWjRjBE,690 –ø—Ä–æ—Å–º–æ—Ç—Ä–æ–≤,6 –º–µ—Å—è—Ü–µ–≤ –Ω–∞–∑–∞–¥
Scraping German real estate properties from immobilienscout24.de using Scrapy | REAL WORLD project,https://www.youtube.com//watch?v=uo6KsoB4n1U,297 –ø—Ä–æ—Å–º–æ—Ç—Ä–æ–≤,6 –º–µ—Å—è—Ü–µ–≤ –Ω–∞–∑–∞–¥
Scraping German city links from for the later dynamic generation of URLs to crawl | Python Scrapy,https://www.youtube.com//watch?v=OTHlYBlZT8Y,197 –ø—Ä–æ—Å–º–æ—Ç—Ä–æ–≤,6 –º–µ—Å—è—Ü–µ–≤ –Ω–∞–∑–∞–¥
Scraping list of all German postal codes using Pytnon & Requests + BeautifulSoup,https://www.youtube.com//watch?v=ZpoqWe7E4U8,102 –ø—Ä–æ—Å–º–æ—Ç—Ä–∞,6 –º–µ—Å—è—Ü–µ–≤ –Ω–∞–∑–∞–¥
My subscriber's web scraping code review,https://www.youtube.com//watch?v=YqFpk_XHXNE,97 –ø—Ä–æ—Å–º–æ—Ç—Ä–æ–≤,6 –º–µ—Å—è—Ü–µ–≤ –Ω–∞–∑–∞–¥
Scraping Qatar real estate properties for my subscriber | on demand web scraping tutorial | SCRAPY,https://www.youtube.com//watch?v=2v5fiE8js9A,214 –ø—Ä–æ—Å–º–æ—Ç—Ä–æ–≤,6 –º–µ—Å—è—Ü–µ–≤ –Ω–∞–∑–∞–¥
"""Challenging web site scrapping"" - processing yet another help request from one of my subscribers",https://www.youtube.com//watch?v=mRxCiBykc6U,207 –ø—Ä–æ—Å–º–æ—Ç—Ä–æ–≤,6 –º–µ—Å—è—Ü–µ–≤ –Ω–∞–∑–∞–¥
Helping my subscriber to extract links from the table | Python | Requests + BS4 | Scrapy,https://www.youtube.com//watch?v=MCjBglAJHvY,101 –ø—Ä–æ—Å–º–æ—Ç—Ä,6 –º–µ—Å—è—Ü–µ–≤ –Ω–∞–∑–∞–¥
Scraping Switzerland real estate properties | Master class by Code Monkey King | Python SCRAPY,https://www.youtube.com//watch?v=_K69YbHVAJY,255 –ø—Ä–æ—Å–º–æ—Ç—Ä–æ–≤,6 –º–µ—Å—è—Ü–µ–≤ –Ω–∞–∑–∞–¥
Scraping Switzerland zipcode labels from REST API | A part of my REAL WORLD web scraping project,https://www.youtube.com//watch?v=4_ukD7Tkffc,125 –ø—Ä–æ—Å–º–æ—Ç—Ä–æ–≤,6 –º–µ—Å—è—Ü–µ–≤ –Ω–∞–∑–∞–¥
Yet another web scraping tutorial on demand | extracting data from slickdeals.net | Python SCRAPY,https://www.youtube.com//watch?v=1oD__zJ5VRY,213 –ø—Ä–æ—Å–º–æ—Ç—Ä–æ–≤,6 –º–µ—Å—è—Ü–µ–≤ –Ω–∞–∑–∞–¥
Referencing JAVASCRIPT variables from within a PYTHON script for web scraping purposes using REGEX,https://www.youtube.com//watch?v=HHdi7Pkmn8c,239 –ø—Ä–æ—Å–º–æ—Ç—Ä–æ–≤,7 –º–µ—Å—è—Ü–µ–≤ –Ω–∞–∑–∞–¥
Debugging existing SCRAPY SPIDER data extraction logic using SCRAPY SHELL,https://www.youtube.com//watch?v=K5ejiALIoUg,161 –ø—Ä–æ—Å–º–æ—Ç—Ä,7 –º–µ—Å—è—Ü–µ–≤ –Ω–∞–∑–∞–¥
Extracting EMAILS and PHONES from website contacts | Python Requests BeautifulSoup Regex,https://www.youtube.com//watch?v=qdFvlo0dxfg,640 –ø—Ä–æ—Å–º–æ—Ç—Ä–æ–≤,7 –º–µ—Å—è—Ü–µ–≤ –Ω–∞–∑–∞–¥
Debugging SCRAPY data extraction logic outside of response context using SELECTORS,https://www.youtube.com//watch?v=2VIMqYMcJss,162 –ø—Ä–æ—Å–º–æ—Ç—Ä–∞,7 –º–µ—Å—è—Ü–µ–≤ –Ω–∞–∑–∞–¥
Code Monkey King feat. Dr Pi - Business Bullshit | FULL VERSION,https://www.youtube.com//watch?v=nnC0iz0VPCc,85 –ø—Ä–æ—Å–º–æ—Ç—Ä–æ–≤,7 –º–µ—Å—è—Ü–µ–≤ –Ω–∞–∑–∞–¥
Web scraping freelancer's routine working days - debugging SCRAPY spider's pagination crawling logic,https://www.youtube.com//watch?v=4eTMOHu1FMo,225 –ø—Ä–æ—Å–º–æ—Ç—Ä–æ–≤,7 –º–µ—Å—è—Ü–µ–≤ –Ω–∞–∑–∞–¥
Code Monkey King - Business Bullshit,https://www.youtube.com//watch?v=M27SyDxar3E,64 –ø—Ä–æ—Å–º–æ—Ç—Ä–∞,7 –º–µ—Å—è—Ü–µ–≤ –Ω–∞–∑–∞–¥
Code Monkey King - Coding Rap,https://www.youtube.com//watch?v=_Z9kDSkBH1Q,86 –ø—Ä–æ—Å–º–æ—Ç—Ä–æ–≤,7 –º–µ—Å—è—Ü–µ–≤ –Ω–∞–∑–∞–¥
I'm trying to rap after Eminem to improve my English,https://www.youtube.com//watch?v=dWU1qJ4bWxA,53 –ø—Ä–æ—Å–º–æ—Ç—Ä–∞,7 –º–µ—Å—è—Ü–µ–≤ –Ω–∞–∑–∞–¥
Working on REAL WORLD WEB SCRAPING project on FREELANCE | Python Scrapy,https://www.youtube.com//watch?v=g5oIoIyVSKs,"1,7¬†—Ç—ã—Å. –ø—Ä–æ—Å–º–æ—Ç—Ä–æ–≤",7 –º–µ—Å—è—Ü–µ–≤ –Ω–∞–∑–∞–¥
Dr Pi challenged me to a CODING RAP BATTLE!,https://www.youtube.com//watch?v=xl9SjM-vE3w,49 –ø—Ä–æ—Å–º–æ—Ç—Ä–æ–≤,7 –º–µ—Å—è—Ü–µ–≤ –Ω–∞–∑–∞–¥
Working LIVE on FREELANCE PROJECT | Scraping data for ML purposes | REAL world SCRAPY tutorial,https://www.youtube.com//watch?v=SBHXYdzTFf8,569 –ø—Ä–æ—Å–º–æ—Ç—Ä–æ–≤,7 –º–µ—Å—è—Ü–µ–≤ –Ω–∞–∑–∞–¥
Scraping JSON data from SCRIPT tag | Extracting latitude and longitude from Zillow properties,https://www.youtube.com//watch?v=14lsy2lKVLs,456 –ø—Ä–æ—Å–º–æ—Ç—Ä–æ–≤,7 –º–µ—Å—è—Ü–µ–≤ –Ω–∞–∑–∞–¥
EPYCO on HEROKU | deploying Python Flask app on heroku tutorial,https://www.youtube.com//watch?v=ERmGWQ-j-2Y,104 –ø—Ä–æ—Å–º–æ—Ç—Ä–∞,7 –º–µ—Å—è—Ü–µ–≤ –Ω–∞–∑–∞–¥
scraping highly unstructured data | zillow for rent web scraping tutorial | Python + Requests + BS4,https://www.youtube.com//watch?v=gE3CcdWSEAo,555 –ø—Ä–æ—Å–º–æ—Ç—Ä–æ–≤,7 –º–µ—Å—è—Ü–µ–≤ –Ω–∞–∑–∞–¥
scrapy tutorial for beginners | scraping KINGSCRUSHER's chess games from LICHESS.org to PGN,https://www.youtube.com//watch?v=3QbR0v-6EJw,180 –ø—Ä–æ—Å–º–æ—Ç—Ä–æ–≤,7 –º–µ—Å—è—Ü–µ–≤ –Ω–∞–∑–∞–¥
Nominatim OpenStreetMap REVERSE GEOCODING | LATITUDE & LONGITUDE coordinates to STREET ADDRESS,https://www.youtube.com//watch?v=3kJgmA5Ck_Y,814 –ø—Ä–æ—Å–º–æ—Ç—Ä–æ–≤,7 –º–µ—Å—è—Ü–µ–≤ –Ω–∞–∑–∞–¥
Nominatim OpenStreetMap GEOCODING | STREET ADDRESS to LATITUDE & LONGITUDE coordinates,https://www.youtube.com//watch?v=R3jkosrWsE8,"2,3¬†—Ç—ã—Å. –ø—Ä–æ—Å–º–æ—Ç—Ä–æ–≤",7 –º–µ—Å—è—Ü–µ–≤ –Ω–∞–∑–∞–¥
Scraping and forwarding data from multiple levels of a website and from API simultaneously | Scrapy,https://www.youtube.com//watch?v=1vOVsVcqx9k,644 –ø—Ä–æ—Å–º–æ—Ç—Ä–∞,8 –º–µ—Å—è—Ü–µ–≤ –Ω–∞–∑–∞–¥
Code Monkey King's reaction to Dr Pi's web scraping tutorial + code review to reveal CSV column bug,https://www.youtube.com//watch?v=j2rTtRTyUQ8,84 –ø—Ä–æ—Å–º–æ—Ç—Ä–∞,8 –º–µ—Å—è—Ü–µ–≤ –Ω–∞–∑–∞–¥
UK real estate properties VISUAL SCRAPER with feature selectors | Rightmove | Scrapy + Flask,https://www.youtube.com//watch?v=bZepTLirILU,206 –ø—Ä–æ—Å–º–æ—Ç—Ä–æ–≤,8 –º–µ—Å—è—Ü–µ–≤ –Ω–∞–∑–∞–¥
"US real estate monthly cost, property taxes and home insurance | zillow web scraping tutorial",https://www.youtube.com//watch?v=bABbC9HQAwo,152 –ø—Ä–æ—Å–º–æ—Ç—Ä–∞,8 –º–µ—Å—è—Ü–µ–≤ –Ω–∞–∑–∞–¥
Indian pharmacy WEB SCRAPING tutorial | Scraping INFINITE SCROLL pages | Python Scrapy,https://www.youtube.com//watch?v=c9Z60JLc-i4,"1,5¬†—Ç—ã—Å. –ø—Ä–æ—Å–º–æ—Ç—Ä–æ–≤",8 –º–µ—Å—è—Ü–µ–≤ –Ω–∞–∑–∞–¥
WEB SCRAPING tutorial ON DEMAND,https://www.youtube.com//watch?v=pRq-xqGUo54,107 –ø—Ä–æ—Å–º–æ—Ç—Ä–æ–≤,8 –º–µ—Å—è—Ü–µ–≤ –Ω–∞–∑–∞–¥
BAGUAZHANG CRASH COURSE | Á®ãÊ∞èÂÖ´Âç¶Êéå,https://www.youtube.com//watch?v=lxwM8VbIbsg,210 –ø—Ä–æ—Å–º–æ—Ç—Ä–æ–≤,8 –º–µ—Å—è—Ü–µ–≤ –Ω–∞–∑–∞–¥
PDF to CSV data conversion | Python pdftotext CRASH COURSE,https://www.youtube.com//watch?v=HSFTQV16ijE,969 –ø—Ä–æ—Å–º–æ—Ç—Ä–æ–≤,8 –º–µ—Å—è—Ü–µ–≤ –Ω–∞–∑–∞–¥
Python script to translate phrases using Google Translate API,https://www.youtube.com//watch?v=UVyNt1f2a1Q,323 –ø—Ä–æ—Å–º–æ—Ç—Ä–∞,8 –º–µ—Å—è—Ü–µ–≤ –Ω–∞–∑–∞–¥
Indian OLX  web scraping tutorial | Extracting dynamically loaded content via fetching data from API,https://www.youtube.com//watch?v=UqcP9kXTGzw,"1,1¬†—Ç—ã—Å. –ø—Ä–æ—Å–º–æ—Ç—Ä–æ–≤",8 –º–µ—Å—è—Ü–µ–≤ –Ω–∞–∑–∞–¥
GRAB YOUR COOKIES!,https://www.youtube.com//watch?v=nukvzvPJXxQ,53 –ø—Ä–æ—Å–º–æ—Ç—Ä–∞,8 –º–µ—Å—è—Ü–µ–≤ –Ω–∞–∑–∞–¥
My recent challenge at work | Mapping UK POSTCODES to Rightmove location IDs using API,https://www.youtube.com//watch?v=h2awiKQmBCM,148 –ø—Ä–æ—Å–º–æ—Ç—Ä–æ–≤,8 –º–µ—Å—è—Ü–µ–≤ –Ω–∞–∑–∞–¥
SCRAPY CRASH COURSE | OnTheMarket UK real estate properties scraper | python web scraping tutorial,https://www.youtube.com//watch?v=GbEp7NRONWA,868 –ø—Ä–æ—Å–º–æ—Ç—Ä–æ–≤,8 –º–µ—Å—è—Ü–µ–≤ –Ω–∞–∑–∞–¥
creating WEB SCRAPING youtube TUTORIAL brought me a $25/hour UPWORK contract | ü§Ø MIND BLOWING ü§Ø,https://www.youtube.com//watch?v=L1qMVYJAS58,285 –ø—Ä–æ—Å–º–æ—Ç—Ä–æ–≤,8 –º–µ—Å—è—Ü–µ–≤ –Ω–∞–∑–∞–¥
EPYCO | running your WEB SCRAPERS or SCRAPY spiders in BACKGROUND,https://www.youtube.com//watch?v=VAr7MU3YBkY,49 –ø—Ä–æ—Å–º–æ—Ç—Ä–æ–≤,9 –º–µ—Å—è—Ü–µ–≤ –Ω–∞–∑–∞–¥
how to INCREASE number of VIEWS on YouTube using python SCRAPY PROXY rotation,https://www.youtube.com//watch?v=6rZH6X9s3w0,"3,6¬†—Ç—ã—Å. –ø—Ä–æ—Å–º–æ—Ç—Ä–æ–≤",9 –º–µ—Å—è—Ü–µ–≤ –Ω–∞–∑–∞–¥
python SCRAPY crawling MULTIPLE PAGES | PAGINATION handling,https://www.youtube.com//watch?v=bdIkj80Ue6A,"1,2¬†—Ç—ã—Å. –ø—Ä–æ—Å–º–æ—Ç—Ä–æ–≤",9 –º–µ—Å—è—Ü–µ–≤ –Ω–∞–∑–∞–¥
python SCRAPY how to WRITE scraped results to CSV | JSON | XML,https://www.youtube.com//watch?v=HG75VkP4ssk,810 –ø—Ä–æ—Å–º–æ—Ç—Ä–æ–≤,9 –º–µ—Å—è—Ü–µ–≤ –Ω–∞–∑–∞–¥
how to run SCRAPY spider FROM within a PYTHON SCRIPT,https://www.youtube.com//watch?v=Z9tFRznPAS8,"3,3¬†—Ç—ã—Å. –ø—Ä–æ—Å–º–æ—Ç—Ä–æ–≤",9 –º–µ—Å—è—Ü–µ–≤ –Ω–∞–∑–∞–¥
BEGINNERS SCRAPY TUTORIAL - writing BARE MINIMUM class FOR DATA EXTRACTION,https://www.youtube.com//watch?v=RhY0FYOGGYs,939 –ø—Ä–æ—Å–º–æ—Ç—Ä–æ–≤,9 –º–µ—Å—è—Ü–µ–≤ –Ω–∞–∑–∞–¥
how to start making money as a FREELANCER specializing in WEB SCRAPING | TOOLS & JOBS overview,https://www.youtube.com//watch?v=rlLceUPJVLo,629 –ø—Ä–æ—Å–º–æ—Ç—Ä–æ–≤,9 –º–µ—Å—è—Ü–µ–≤ –Ω–∞–∑–∞–¥
how to follow youtube programming tutorials,https://www.youtube.com//watch?v=jDJq3go_YWI,46 –ø—Ä–æ—Å–º–æ—Ç—Ä–æ–≤,9 –º–µ—Å—è—Ü–µ–≤ –Ω–∞–∑–∞–¥
How to sound like native - my English progress and  accent evolution on YouTube,https://www.youtube.com//watch?v=Q0YsuP0PYzU,88 –ø—Ä–æ—Å–º–æ—Ç—Ä–æ–≤,9 –º–µ—Å—è—Ü–µ–≤ –Ω–∞–∑–∞–¥
PROXY ROTATION crash course | Python + Requests & BeautifulSoup,https://www.youtube.com//watch?v=GMUqSpMngts,"1,6¬†—Ç—ã—Å. –ø—Ä–æ—Å–º–æ—Ç—Ä–æ–≤",9 –º–µ—Å—è—Ü–µ–≤ –Ω–∞–∑–∞–¥
Python REQUESTS crash course in regards to WEB SCRAPING,https://www.youtube.com//watch?v=VhHP8A5CUCo,117 –ø—Ä–æ—Å–º–æ—Ç—Ä–æ–≤,9 –º–µ—Å—è—Ü–µ–≤ –Ω–∞–∑–∞–¥
how to inspect incoming HTTP requests on your website | UI + API python flask tutorial,https://www.youtube.com//watch?v=6LjBpTcQPbY,62 –ø—Ä–æ—Å–º–æ—Ç—Ä–∞,9 –º–µ—Å—è—Ü–µ–≤ –Ω–∞–∑–∞–¥
Python CSV crash course,https://www.youtube.com//watch?v=r8FV9YJrvgc,64 –ø—Ä–æ—Å–º–æ—Ç—Ä–∞,9 –º–µ—Å—è—Ü–µ–≤ –Ω–∞–∑–∞–¥
changing chess engine style of play by tuning evaluation scores | NO CODING SKILLS,https://www.youtube.com//watch?v=E6lA_W8zGp4,108 –ø—Ä–æ—Å–º–æ—Ç—Ä–æ–≤,9 –º–µ—Å—è—Ü–µ–≤ –Ω–∞–∑–∞–¥
obfuscating python code | inspired by Obfuscated C programs by Bisqwit,https://www.youtube.com//watch?v=RCWiVrRixU8,465 –ø—Ä–æ—Å–º–æ—Ç—Ä–æ–≤,9 –º–µ—Å—è—Ü–µ–≤ –Ω–∞–∑–∞–¥
Chess programming CRASH COURSE | inspired by Micro-Max chess engine by H.G. Muller,https://www.youtube.com//watch?v=M7Hw-f-uUlc,509 –ø—Ä–æ—Å–º–æ—Ç—Ä–æ–≤,9 –º–µ—Å—è—Ü–µ–≤ –Ω–∞–∑–∞–¥
I've ported a chess engine in pure javascript by Bluefever Software  to chrome extension,https://www.youtube.com//watch?v=oa8bzwFz1xs,73 –ø—Ä–æ—Å–º–æ—Ç—Ä–∞,9 –º–µ—Å—è—Ü–µ–≤ –Ω–∞–∑–∞–¥
self taught programmer success story | what I learned from making 100+ programming videos,https://www.youtube.com//watch?v=1tI5dyr9JOg,185 –ø—Ä–æ—Å–º–æ—Ç—Ä–æ–≤,9 –º–µ—Å—è—Ü–µ–≤ –Ω–∞–∑–∞–¥
recursive web scraper | stock news web scraping tutorial | python requests beautifulsoup,https://www.youtube.com//watch?v=c-ffvuyFTF0,330 –ø—Ä–æ—Å–º–æ—Ç—Ä–æ–≤,9 –º–µ—Å—è—Ü–µ–≤ –Ω–∞–∑–∞–¥
coding web app to render CSV as responsive HTML table using Python Flask Bootstrap & Datatables,https://www.youtube.com//watch?v=6q6liJMHx8s,"4,6¬†—Ç—ã—Å. –ø—Ä–æ—Å–º–æ—Ç—Ä–æ–≤",9 –º–µ—Å—è—Ü–µ–≤ –Ω–∞–∑–∞–¥
How to convert JSON to CSV in Python,https://www.youtube.com//watch?v=lWzcZZEQYMk,"2,4¬†—Ç—ã—Å. –ø—Ä–æ—Å–º–æ—Ç—Ä–æ–≤",9 –º–µ—Å—è—Ü–µ–≤ –Ω–∞–∑–∞–¥
scraping data without writing element extraction logic | hack to trick API if can't mimic it,https://www.youtube.com//watch?v=M0TS6RFukHg,47 –ø—Ä–æ—Å–º–æ—Ç—Ä–æ–≤,9 –º–µ—Å—è—Ü–µ–≤ –Ω–∞–∑–∞–¥
how to change colorscheme in codemirror online code editor if it's not supported | dead simple hack,https://www.youtube.com//watch?v=E6aNpnGWXzI,74 –ø—Ä–æ—Å–º–æ—Ç—Ä–∞,9 –º–µ—Å—è—Ü–µ–≤ –Ω–∞–∑–∞–¥
how to change font size in online text editors using developer tools console | dead simple hacks,https://www.youtube.com//watch?v=xXRDuxTYxxE,139 –ø—Ä–æ—Å–º–æ—Ç—Ä–æ–≤,9 –º–µ—Å—è—Ü–µ–≤ –Ω–∞–∑–∞–¥
coding chrome extension to change font size in online code editors,https://www.youtube.com//watch?v=zNw-8LqXcew,53 –ø—Ä–æ—Å–º–æ—Ç—Ä–∞,9 –º–µ—Å—è—Ü–µ–≤ –Ω–∞–∑–∞–¥
BEGINNERS' Python CRASH COURSE for WEB SCRAPING,https://www.youtube.com//watch?v=ynFjTyaLV18,278 –ø—Ä–æ—Å–º–æ—Ç—Ä–æ–≤,9 –º–µ—Å—è—Ü–µ–≤ –Ω–∞–∑–∞–¥
experimental python IDE for cloud web scraping,https://www.youtube.com//watch?v=MEaP5f71OqU,31 –ø—Ä–æ—Å–º–æ—Ç—Ä,9 –º–µ—Å—è—Ü–µ–≤ –Ω–∞–∑–∞–¥
Web scraping with Python + Requests & BeautifulSoup using OOP approach,https://www.youtube.com//watch?v=Np_Oy6uJyns,130 –ø—Ä–æ—Å–º–æ—Ç—Ä–æ–≤,9 –º–µ—Å—è—Ü–µ–≤ –Ω–∞–∑–∞–¥
how to deploy flask app on pythonanywhere | dead simple step by step guide,https://www.youtube.com//watch?v=dGpc6yBe6iE,307 –ø—Ä–æ—Å–º–æ—Ç—Ä–æ–≤,9 –º–µ—Å—è—Ü–µ–≤ –Ω–∞–∑–∞–¥
how to reset usb device programatically on linux,https://www.youtube.com//watch?v=u0XzLPLUmGo,60 –ø—Ä–æ—Å–º–æ—Ç—Ä–æ–≤,9 –º–µ—Å—è—Ü–µ–≤ –Ω–∞–∑–∞–¥
How to hack MySQL | mysql injection vulnerability | Python and Flask app is used in this example,https://www.youtube.com//watch?v=T5-Ru7_G9zY,507 –ø—Ä–æ—Å–º–æ—Ç—Ä–æ–≤,9 –º–µ—Å—è—Ü–µ–≤ –Ω–∞–∑–∞–¥
Did you know that flask jinjia template renderer can be used within javascript?,https://www.youtube.com//watch?v=1rBQ8H0woIQ,35 –ø—Ä–æ—Å–º–æ—Ç—Ä–æ–≤,9 –º–µ—Å—è—Ü–µ–≤ –Ω–∞–∑–∞–¥
EPYCO | simple hacking library to forward basic linux commands to python environment,https://www.youtube.com//watch?v=ysF69KzEI8U,32 –ø—Ä–æ—Å–º–æ—Ç—Ä–∞,9 –º–µ—Å—è—Ü–µ–≤ –Ω–∞–∑–∞–¥
Web scraping tutorial | Scraping e-commerce site | Python + Requests + BeautifulSoup,https://www.youtube.com//watch?v=gBlxRvbUOHI,299 –ø—Ä–æ—Å–º–æ—Ç—Ä–æ–≤,9 –º–µ—Å—è—Ü–µ–≤ –Ω–∞–∑–∞–¥
FREE Remote web scraping opportunity for you guys!,https://www.youtube.com//watch?v=_qBmSERY3kY,84 –ø—Ä–æ—Å–º–æ—Ç—Ä–∞,9 –º–µ—Å—è—Ü–µ–≤ –Ω–∞–∑–∞–¥
hacking RCE & SSTI remote code execution and server side template injection vulnerabilities of Flask,https://www.youtube.com//watch?v=Sp_gAegL-qw,381 –ø—Ä–æ—Å–º–æ—Ç—Ä,9 –º–µ—Å—è—Ü–µ–≤ –Ω–∞–∑–∞–¥
coding web app for editing and executing python code to create web scrapers online,https://www.youtube.com//watch?v=wDsDcwnpGe4,110 –ø—Ä–æ—Å–º–æ—Ç—Ä–æ–≤,9 –º–µ—Å—è—Ü–µ–≤ –Ω–∞–∑–∞–¥
free online web scraping service - Code Monkey King's Dreams,https://www.youtube.com//watch?v=Rg2EFNiEy7k,61 –ø—Ä–æ—Å–º–æ—Ç—Ä,10 –º–µ—Å—è—Ü–µ–≤ –Ω–∞–∑–∞–¥
"Cheng style baguazhang 1st, 2nd and 3rd palm changes | Á®ãÊ∞èÂÖ´Âç¶Êéå",https://www.youtube.com//watch?v=S-lkeaW1_CQ,104 –ø—Ä–æ—Å–º–æ—Ç—Ä–∞,10 –º–µ—Å—è—Ü–µ–≤ –Ω–∞–∑–∞–¥
image scraping | pinterest image web scraper tutorial | python requests beautifulsoup,https://www.youtube.com//watch?v=NmzQro6BII0,784 –ø—Ä–æ—Å–º–æ—Ç—Ä–∞,10 –º–µ—Å—è—Ü–µ–≤ –Ω–∞–∑–∞–¥
How to scrape unscrapable sites: web grabber chrome extension,https://www.youtube.com//watch?v=pAbQgVh-gOQ,271 –ø—Ä–æ—Å–º–æ—Ç—Ä,10 –º–µ—Å—è—Ü–µ–≤ –Ω–∞–∑–∞–¥
US real estate properties from zillow | web scraping tutorial | Python Requests BeautifulSoup,https://www.youtube.com//watch?v=RfAVrP9opBY,"3,3¬†—Ç—ã—Å. –ø—Ä–æ—Å–º–æ—Ç—Ä–æ–≤",10 –º–µ—Å—è—Ü–µ–≤ –Ω–∞–∑–∞–¥
web scraper | UK real estate properties zoopla web scraping tutorial python requests beautifulsoup,https://www.youtube.com//watch?v=Itqfkgw508U,511 –ø—Ä–æ—Å–º–æ—Ç—Ä–æ–≤,10 –º–µ—Å—è—Ü–µ–≤ –Ω–∞–∑–∞–¥
web scraper | UK real estate rightmove web scraping tutorial | python requests beautifulsoup,https://www.youtube.com//watch?v=5tzj67xoADo,"1,3¬†—Ç—ã—Å. –ø—Ä–æ—Å–º–æ—Ç—Ä–æ–≤",10 –º–µ—Å—è—Ü–µ–≤ –Ω–∞–∑–∞–¥
"Creating simple blog with Python, Flask, Sqlite3 and Bootstrap",https://www.youtube.com//watch?v=JobzKMQmkX4,987 –ø—Ä–æ—Å–º–æ—Ç—Ä–æ–≤,10 –º–µ—Å—è—Ü–µ–≤ –Ω–∞–∑–∞–¥
Python Flask simple CRUD app with Sqlite3 back-end,https://www.youtube.com//watch?v=md0bqcAFaUI,898 –ø—Ä–æ—Å–º–æ—Ç—Ä–æ–≤,10 –º–µ—Å—è—Ü–µ–≤ –Ω–∞–∑–∞–¥
"Coding google analytics minimalist alternative using Python, Flask, Bootstrap, Jquery and Datatables",https://www.youtube.com//watch?v=iLhWE3vaFNA,142 –ø—Ä–æ—Å–º–æ—Ç—Ä–∞,10 –º–µ—Å—è—Ü–µ–≤ –Ω–∞–∑–∞–¥
How to scrape infinite scroll page fed by AJAX request,https://www.youtube.com//watch?v=0PNWnZa4m2Y,1¬†—Ç—ã—Å. –ø—Ä–æ—Å–º–æ—Ç—Ä–æ–≤,10 –º–µ—Å—è—Ü–µ–≤ –Ω–∞–∑–∞–¥
Python Flask Crash Course: episode 3 - JQuery infinite scroll page,https://www.youtube.com//watch?v=Y0hS0LSOu1g,270 –ø—Ä–æ—Å–º–æ—Ç—Ä–æ–≤,10 –º–µ—Å—è—Ü–µ–≤ –Ω–∞–∑–∞–¥
Python Flask Crash Course: episode 2 - bootstrap powered front-end,https://www.youtube.com//watch?v=UP1SR4KYoec,103 –ø—Ä–æ—Å–º–æ—Ç—Ä–∞,10 –º–µ—Å—è—Ü–µ–≤ –Ω–∞–∑–∞–¥
Python Flask Crash Course: episode 1 - REST API for partial data rendering,https://www.youtube.com//watch?v=3Ewud_UgmX8,303 –ø—Ä–æ—Å–º–æ—Ç—Ä–∞,10 –º–µ—Å—è—Ü–µ–≤ –Ω–∞–∑–∞–¥
Python Flask Jinjia crash course,https://www.youtube.com//watch?v=sKZAxegfprs,50 –ø—Ä–æ—Å–º–æ—Ç—Ä–æ–≤,10 –º–µ—Å—è—Ü–µ–≤ –Ω–∞–∑–∞–¥
"Flask app to run web scraper from browser, render results using Jquery Datatables and download CSV",https://www.youtube.com//watch?v=wHwLunU4e0s,1¬†—Ç—ã—Å. –ø—Ä–æ—Å–º–æ—Ç—Ä–æ–≤,10 –º–µ—Å—è—Ü–µ–≤ –Ω–∞–∑–∞–¥
Faking AJAX requests | Python + Requests & BeautifulSoup,https://www.youtube.com//watch?v=WeDJsNfTMo4,300 –ø—Ä–æ—Å–º–æ—Ç—Ä–æ–≤,11 –º–µ—Å—è—Ü–µ–≤ –Ω–∞–∑–∞–¥
Extracting data from HTML table | Python + Requests & BeautifulSoup,https://www.youtube.com//watch?v=sBdmazo4coo,567 –ø—Ä–æ—Å–º–æ—Ç—Ä–æ–≤,11 –º–µ—Å—è—Ü–µ–≤ –Ω–∞–∑–∞–¥
Downloading images from the web | Python + Requests & BeautifulSoup,https://www.youtube.com//watch?v=Js18wjuUPxk,97 –ø—Ä–æ—Å–º–æ—Ç—Ä–æ–≤,11 –º–µ—Å—è—Ü–µ–≤ –Ω–∞–∑–∞–¥
New features at web scraping kung fu community site,https://www.youtube.com//watch?v=e53Q3PfdIqI,43 –ø—Ä–æ—Å–º–æ—Ç—Ä–∞,11 –º–µ—Å—è—Ü–µ–≤ –Ω–∞–∑–∞–¥
Extracting data from multiple pages | Python + Requests & BeautifulSoup,https://www.youtube.com//watch?v=xVh0H3R9a2Y,527 –ø—Ä–æ—Å–º–æ—Ç—Ä–æ–≤,11 –º–µ—Å—è—Ü–µ–≤ –Ω–∞–∑–∞–¥
Extracting multiple elements from the page | Python + Requests & BeautifulSoup,https://www.youtube.com//watch?v=yPKGUEQdJ9c,81 –ø—Ä–æ—Å–º–æ—Ç—Ä,11 –º–µ—Å—è—Ü–µ–≤ –Ω–∞–∑–∞–¥
Extracting items from single element | Python + Requests & BeautifulSoup,https://www.youtube.com//watch?v=u8qSDLHJKD8,236 –ø—Ä–æ—Å–º–æ—Ç—Ä–æ–≤,11 –º–µ—Å—è—Ü–µ–≤ –Ω–∞–∑–∞–¥
Web scraping kung fu project,https://www.youtube.com//watch?v=0sbih_M6dzQ,36 –ø—Ä–æ—Å–º–æ—Ç—Ä–æ–≤,11 –º–µ—Å—è—Ü–µ–≤ –Ω–∞–∑–∞–¥
web scraping | chinese kungfu movies web scraper tutorial | python requests beautifulsoup,https://www.youtube.com//watch?v=i0Dk_mCMaH0,122 –ø—Ä–æ—Å–º–æ—Ç—Ä–∞,11 –º–µ—Å—è—Ü–µ–≤ –Ω–∞–∑–∞–¥
web scraping | google search results web scraper tutorial | python requests beautifulsoup,https://www.youtube.com//watch?v=-z0WKmGE_Qs,"1,6¬†—Ç—ã—Å. –ø—Ä–æ—Å–º–æ—Ç—Ä–æ–≤",11 –º–µ—Å—è—Ü–µ–≤ –Ω–∞–∑–∞–¥
Pretty printing HTML response to console using beautiful soup's recursive child generator,https://www.youtube.com//watch?v=5YzKt3l13I0,41 –ø—Ä–æ—Å–º–æ—Ç—Ä,11 –º–µ—Å—è—Ü–µ–≤ –Ω–∞–∑–∞–¥
Parsing HTML response in JSON format to list all the tags containing text and their attributes,https://www.youtube.com//watch?v=tddt_RkmgV0,87 –ø—Ä–æ—Å–º–æ—Ç—Ä–æ–≤,11 –º–µ—Å—è—Ü–µ–≤ –Ω–∞–∑–∞–¥
Coding Lab: writing a web browser with command line interface,https://www.youtube.com//watch?v=LCcp7Jq1xcg,34 –ø—Ä–æ—Å–º–æ—Ç—Ä–∞,11 –º–µ—Å—è—Ü–µ–≤ –Ω–∞–∑–∞–¥
web scraping crash course | python requests beautifulsoup,https://www.youtube.com//watch?v=QoOcPOtCGJ0,312 –ø—Ä–æ—Å–º–æ—Ç—Ä–æ–≤,11 –º–µ—Å—è—Ü–µ–≤ –Ω–∞–∑–∞–¥
web scraping | hacker news web scraper tutorial | python requests beautifulsoup,https://www.youtube.com//watch?v=ok0jvCCj_xU,164 –ø—Ä–æ—Å–º–æ—Ç—Ä–∞,11 –º–µ—Å—è—Ü–µ–≤ –Ω–∞–∑–∞–¥
Coding lab: creating minimalist web scraping framework [100% live coding],https://www.youtube.com//watch?v=tiC6JZkeiaI,49 –ø—Ä–æ—Å–º–æ—Ç—Ä–æ–≤,1 –≥–æ–¥ –Ω–∞–∑–∞–¥
web scraper | proxy list web scraping tutorial | python requests beautifulsoup,https://www.youtube.com//watch?v=AHoeziSYSgs,655 –ø—Ä–æ—Å–º–æ—Ç—Ä–æ–≤,1 –≥–æ–¥ –Ω–∞–∑–∞–¥
Writing command line scraper fed by json config file + questions for viewers at the end,https://www.youtube.com//watch?v=uum6jV-O_p4,29 –ø—Ä–æ—Å–º–æ—Ç—Ä–æ–≤,1 –≥–æ–¥ –Ω–∞–∑–∞–¥
Cheng style baguazhang: lianhuan form | Á®ãÊ∞èÂÖ´Âç¶Êéå,https://www.youtube.com//watch?v=E-mYgYY-RWc,137 –ø—Ä–æ—Å–º–æ—Ç—Ä–æ–≤,1 –≥–æ–¥ –Ω–∞–∑–∞–¥
Silent coding: Creating visual scraping service with Python & Flask - episode 4,https://www.youtube.com//watch?v=6VvCuaJbSYw,44 –ø—Ä–æ—Å–º–æ—Ç—Ä–∞,1 –≥–æ–¥ –Ω–∞–∑–∞–¥
Silent coding: Creating visual scraping service with Python & Flask - episode 3,https://www.youtube.com//watch?v=eafYsoo--bU,23 –ø—Ä–æ—Å–º–æ—Ç—Ä–∞,1 –≥–æ–¥ –Ω–∞–∑–∞–¥
Simple visual scraping service with python + flask + requsts + beautiful soup,https://www.youtube.com//watch?v=tNPjiBYMUQU,902 –ø—Ä–æ—Å–º–æ—Ç—Ä–∞,1 –≥–æ–¥ –Ω–∞–∑–∞–¥
Silent coding: Creating visual scraping service with Python & Flask - episode 2,https://www.youtube.com//watch?v=AD66a72jJRs,46 –ø—Ä–æ—Å–º–æ—Ç—Ä–æ–≤,1 –≥–æ–¥ –Ω–∞–∑–∞–¥
Silent coding: Creating visual scraping service with Python & Flask - episode 1,https://www.youtube.com//watch?v=OKjA53aRQDo,103 –ø—Ä–æ—Å–º–æ—Ç—Ä–∞,1 –≥–æ–¥ –Ω–∞–∑–∞–¥
Coding lab: rendering beautiful soup tree to html page - part3,https://www.youtube.com//watch?v=6asvbQccD7o,22 –ø—Ä–æ—Å–º–æ—Ç—Ä–∞,1 –≥–æ–¥ –Ω–∞–∑–∞–¥
Coding lab: rendering beautiful soup tree to html page - part2,https://www.youtube.com//watch?v=PZYHR64117Q,94 –ø—Ä–æ—Å–º–æ—Ç—Ä–∞,1 –≥–æ–¥ –Ω–∞–∑–∞–¥
Coding lab: rendering beautiful soup tree to html page - part1,https://www.youtube.com//watch?v=9k3FBS_gfcU,41 –ø—Ä–æ—Å–º–æ—Ç—Ä,1 –≥–æ–¥ –Ω–∞–∑–∞–¥
Python Flask app template deployed at heroku [You can just skip watching this video...],https://www.youtube.com//watch?v=F30LehixM0M,74 –ø—Ä–æ—Å–º–æ—Ç—Ä–∞,1 –≥–æ–¥ –Ω–∞–∑–∞–¥
Creating Web Search Engine in Python [100% live coding!]: final part + future project announcement,https://www.youtube.com//watch?v=WNwRRFw-4hE,436 –ø—Ä–æ—Å–º–æ—Ç—Ä–æ–≤,1 –≥–æ–¥ –Ω–∞–∑–∞–¥
Creating Web Search Engine in Python [100% live coding!]: part5 - creating search web app in flask,https://www.youtube.com//watch?v=tWOjBoN1n04,743 –ø—Ä–æ—Å–º–æ—Ç—Ä–∞,1 –≥–æ–¥ –Ω–∞–∑–∞–¥
Creating Web Search Engine in Python [100% live coding!]: part4 - connecting crawler to mongodb,https://www.youtube.com//watch?v=yRsk7dg5V30,327 –ø—Ä–æ—Å–º–æ—Ç—Ä–æ–≤,1 –≥–æ–¥ –Ω–∞–∑–∞–¥
Creating Web Search Engine in Python [100% live coding!]: part3 - tuning web crawler,https://www.youtube.com//watch?v=prawW1weCwE,418 –ø—Ä–æ—Å–º–æ—Ç—Ä–æ–≤,1 –≥–æ–¥ –Ω–∞–∑–∞–¥
Creating Web Search Engine in Python [100% live coding!]: part2 - creating basic web crawler,https://www.youtube.com//watch?v=JimI0rGICMo,1¬†—Ç—ã—Å. –ø—Ä–æ—Å–º–æ—Ç—Ä–æ–≤,1 –≥–æ–¥ –Ω–∞–∑–∞–¥
Creating Web Search Engine in Python [100% live coding!]: part1 - Stack Overflow scraper,https://www.youtube.com//watch?v=Kl9cSztDyw8,4¬†—Ç—ã—Å. –ø—Ä–æ—Å–º–æ—Ç—Ä–æ–≤,1 –≥–æ–¥ –Ω–∞–∑–∞–¥
Xiao Yao Bu - carefree wandering qigong [–°—è–æ –Ø–æ –ë—É - –±–µ–∑–∑–∞–±–æ—Ç–Ω–æ–µ —Å–∫–∏—Ç–∞–Ω–∏–µ - —Ü–∏–≥—É–Ω –≤ —à–∞–≥–∞—Ö ],https://www.youtube.com//watch?v=_0cu2WoEaO8,149 –ø—Ä–æ—Å–º–æ—Ç—Ä–æ–≤,1 –≥–æ–¥ –Ω–∞–∑–∞–¥
CHESS ENGINE in JAVASCRIPT similar to Micro-Max (uMax) by H.G. Muller & Toledo Nano Chess,https://www.youtube.com//watch?v=r01O-YTBJ-c,191 –ø—Ä–æ—Å–º–æ—Ç—Ä,1 –≥–æ–¥ –Ω–∞–∑–∞–¥
"python3 how to: split strings, replace characters, do list comprehensions",https://www.youtube.com//watch?v=koO03S9nF8g,259 –ø—Ä–æ—Å–º–æ—Ç—Ä–æ–≤,1 –≥–æ–¥ –Ω–∞–∑–∞–¥
how to convert string to integer and vice versa in python3,https://www.youtube.com//watch?v=xKSys1U_CxA,"2,9¬†—Ç—ã—Å. –ø—Ä–æ—Å–º–æ—Ç—Ä–æ–≤",1 –≥–æ–¥ –Ω–∞–∑–∞–¥
Shi Ming legacy - ruyi taiji quan 37 form footage,https://www.youtube.com//watch?v=1lejcWEvaeI,"1,4¬†—Ç—ã—Å. –ø—Ä–æ—Å–º–æ—Ç—Ä–æ–≤",1 –≥–æ–¥ –Ω–∞–∑–∞–¥
python scrapy spider - user agent spoofing,https://www.youtube.com//watch?v=0FknvLSLbl4,347 –ø—Ä–æ—Å–º–æ—Ç—Ä–æ–≤,1 –≥–æ–¥ –Ω–∞–∑–∞–¥
python scrapy shell - user agent spoofing,https://www.youtube.com//watch?v=gBygvyXjdYM,1¬†—Ç—ã—Å. –ø—Ä–æ—Å–º–æ—Ç—Ä–æ–≤,1 –≥–æ–¥ –Ω–∞–∑–∞–¥
how to make money on fiverr | web scraping | data mining | no coding skills,https://www.youtube.com//watch?v=5DDIJm6_Q1s,"5,8¬†—Ç—ã—Å. –ø—Ä–æ—Å–º–æ—Ç—Ä–æ–≤",1 –≥–æ–¥ –Ω–∞–∑–∞–¥
python scrapy docs tutorial,https://www.youtube.com//watch?v=FIKMhRXaISQ,173 –ø—Ä–æ—Å–º–æ—Ç—Ä–∞,1 –≥–æ–¥ –Ω–∞–∑–∞–¥
My first working day at hourly paid job on upwork,https://www.youtube.com//watch?v=3akPj02nO-E,43 –ø—Ä–æ—Å–º–æ—Ç—Ä–∞,1 –≥–æ–¥ –Ω–∞–∑–∞–¥
python web scraping: free proxy list,https://www.youtube.com//watch?v=XeznM3Zsf9U,"1,5¬†—Ç—ã—Å. –ø—Ä–æ—Å–º–æ—Ç—Ä–æ–≤",1 –≥–æ–¥ –Ω–∞–∑–∞–¥
Specializing as freelancer in software development,https://www.youtube.com//watch?v=YUmb436Qkk4,14 –ø—Ä–æ—Å–º–æ—Ç—Ä–æ–≤,1 –≥–æ–¥ –Ω–∞–∑–∞–¥
How it feels to be a freelancer in software development (from beginner's point of view),https://www.youtube.com//watch?v=bon9cU3kyvk,19 –ø—Ä–æ—Å–º–æ—Ç—Ä–æ–≤,1 –≥–æ–¥ –Ω–∞–∑–∞–¥
"community website with nodejs, express, mongodb, angular and bootstrap from scratch",https://www.youtube.com//watch?v=Lz02qPWvx90,112 –ø—Ä–æ—Å–º–æ—Ç—Ä–æ–≤,1 –≥–æ–¥ –Ω–∞–∑–∞–¥
brainfuck interpreter live coding in C,https://www.youtube.com//watch?v=RjRW2ekIouE,"1,1¬†—Ç—ã—Å. –ø—Ä–æ—Å–º–æ—Ç—Ä–æ–≤",1 –≥–æ–¥ –Ω–∞–∑–∞–¥
arrays and pointers in c programming language,https://www.youtube.com//watch?v=f5ckE1Bwcy8,39 –ø—Ä–æ—Å–º–æ—Ç—Ä–æ–≤,1 –≥–æ–¥ –Ω–∞–∑–∞–¥
Nodejs + expressjs + mongodb web app #9: TODO-list deploy at heroku!,https://www.youtube.com//watch?v=tIeNRThURok,272 –ø—Ä–æ—Å–º–æ—Ç—Ä–∞,1 –≥–æ–¥ –Ω–∞–∑–∞–¥
Nodejs + expressjs + mongodb web app #8: TODO-list - updating existing task,https://www.youtube.com//watch?v=gdgY0qy1GDs,73 –ø—Ä–æ—Å–º–æ—Ç—Ä–∞,1 –≥–æ–¥ –Ω–∞–∑–∞–¥
Nodejs + expressjs + mongodb web app #7: TODO-list - adding/removing tasks,https://www.youtube.com//watch?v=jOhKoGSiXMw,46 –ø—Ä–æ—Å–º–æ—Ç—Ä–æ–≤,1 –≥–æ–¥ –Ω–∞–∑–∞–¥
Nodejs + expressjs + mongodb web app #6: TODO-list - displaying data from database,https://www.youtube.com//watch?v=aA6MhmBlst4,78 –ø—Ä–æ—Å–º–æ—Ç—Ä–æ–≤,1 –≥–æ–¥ –Ω–∞–∑–∞–¥
Nodejs + expressjs + mongodb web app #5: TODO-list - installing angular and bootstrap,https://www.youtube.com//watch?v=k7n9bKrBqKE,53 –ø—Ä–æ—Å–º–æ—Ç—Ä–∞,1 –≥–æ–¥ –Ω–∞–∑–∞–¥
How to learn things fast? - my experience in different life fields,https://www.youtube.com//watch?v=ANTxlVtcgMI,27 –ø—Ä–æ—Å–º–æ—Ç—Ä–æ–≤,1 –≥–æ–¥ –Ω–∞–∑–∞–¥
How does it feel to be a self-taught programmer,https://www.youtube.com//watch?v=h-FFc-M5ZtM,19 –ø—Ä–æ—Å–º–æ—Ç—Ä–æ–≤,1 –≥–æ–¥ –Ω–∞–∑–∞–¥
Nodejs + expressjs + mongodb web app #4: TODO-list - adding/removing entries,https://www.youtube.com//watch?v=Z4Kw_V4VLLo,231 –ø—Ä–æ—Å–º–æ—Ç—Ä,1 –≥–æ–¥ –Ω–∞–∑–∞–¥
Nodejs + expressjs + mongodb web app #3: TODO-list - changing existing data entry,https://www.youtube.com//watch?v=fn4rBeEPUz0,46 –ø—Ä–æ—Å–º–æ—Ç—Ä–æ–≤,1 –≥–æ–¥ –Ω–∞–∑–∞–¥
Nodejs + expressjs + mongodb web app #2: TODO-list - retreiving data from mongodb,https://www.youtube.com//watch?v=vZ4O4DnPUnE,133 –ø—Ä–æ—Å–º–æ—Ç—Ä–∞,1 –≥–æ–¥ –Ω–∞–∑–∞–¥
Nodejs + expressjs + mongodb web app #1: TODO-list - creating database & establishing the server,https://www.youtube.com//watch?v=BAr7mrWlwm0,450 –ø—Ä–æ—Å–º–æ—Ç—Ä–æ–≤,1 –≥–æ–¥ –Ω–∞–∑–∞–¥
How to deal with mongodb's console client - the very basic web developer's guide,https://www.youtube.com//watch?v=1AbCxDt1-SA,34 –ø—Ä–æ—Å–º–æ—Ç—Ä–∞,1 –≥–æ–¥ –Ω–∞–∑–∞–¥
Is it really difficult to master web programming for beginners?,https://www.youtube.com//watch?v=CThieZzyDy8,23 –ø—Ä–æ—Å–º–æ—Ç—Ä–∞,1 –≥–æ–¥ –Ω–∞–∑–∞–¥
How to create a static website using node.js and expressjs framework in 6 lines of code!,https://www.youtube.com//watch?v=uK36MuzpKkE,92 –ø—Ä–æ—Å–º–æ—Ç—Ä–∞,1 –≥–æ–¥ –Ω–∞–∑–∞–¥
Alternative way to get a job offer as software developer [Code Monkey King's blog #1],https://www.youtube.com//watch?v=SnncsWggAxQ,57 –ø—Ä–æ—Å–º–æ—Ç—Ä–æ–≤,1 –≥–æ–¥ –Ω–∞–∑–∞–¥
"Cross-platform console game library in C: printing char/string at given (x, y) coordinates",https://www.youtube.com//watch?v=yoaNl9IyLMM,21 –ø—Ä–æ—Å–º–æ—Ç—Ä,1 –≥–æ–¥ –Ω–∞–∑–∞–¥
Cross-platform console game library in C: complete example - SOKOBAN game,https://www.youtube.com//watch?v=_LxAa0soHCk,114 –ø—Ä–æ—Å–º–æ—Ç—Ä–æ–≤,1 –≥–æ–¥ –Ω–∞–∑–∞–¥
Cross-platform console game library in C: moving character + simple collision detection,https://www.youtube.com//watch?v=z3OEG45GYRA,52 –ø—Ä–æ—Å–º–æ—Ç—Ä–∞,1 –≥–æ–¥ –Ω–∞–∑–∞–¥
Cross-platform console game library in C: initializing & PrintMap() function,https://www.youtube.com//watch?v=C_EdZqImysQ,22 –ø—Ä–æ—Å–º–æ—Ç—Ä–∞,1 –≥–æ–¥ –Ω–∞–∑–∞–¥
Cross-platform console game library in C: Introduction & demonstration,https://www.youtube.com//watch?v=7glEsKNYjmw,134 –ø—Ä–æ—Å–º–æ—Ç—Ä–∞,1 –≥–æ–¥ –Ω–∞–∑–∞–¥
Console game programming in C: SOKOBAN by Code Monkey King,https://www.youtube.com//watch?v=R7F5EyI4kXo,"2,5¬†—Ç—ã—Å. –ø—Ä–æ—Å–º–æ—Ç—Ä–æ–≤",1 –≥–æ–¥ –Ω–∞–∑–∞–¥
Brainfuck programming tutorial: part 7 - convert string to integer + little coding challenge,https://www.youtube.com//watch?v=ryxlyZgt6fc,251 –ø—Ä–æ—Å–º–æ—Ç—Ä,1 –≥–æ–¥ –Ω–∞–∑–∞–¥
What is Code Monkey King's channel is all about?,https://www.youtube.com//watch?v=EaOjuEDLw4A,27 –ø—Ä–æ—Å–º–æ—Ç—Ä–æ–≤,1 –≥–æ–¥ –Ω–∞–∑–∞–¥
Community showcase: brainfuck IDE with syntax highlighting and powerful debugger,https://www.youtube.com//watch?v=wn_Gk-pt_dM,191 –ø—Ä–æ—Å–º–æ—Ç—Ä,1 –≥–æ–¥ –Ω–∞–∑–∞–¥
Bare minimum chess program in C: Part6 - Code Monkey King plays against his own program,https://www.youtube.com//watch?v=4Iry6hw6QXk,76 –ø—Ä–æ—Å–º–æ—Ç—Ä–æ–≤,1 –≥–æ–¥ –Ω–∞–∑–∞–¥
Bare minimum chess program in C: Part 5 - interaction with the user,https://www.youtube.com//watch?v=qWHQOrdTeWw,34 –ø—Ä–æ—Å–º–æ—Ç—Ä–∞,1 –≥–æ–¥ –Ω–∞–∑–∞–¥
Bare minimum chess program in C: part 4 - search & evaluation,https://www.youtube.com//watch?v=OC3zb7YxATI,54 –ø—Ä–æ—Å–º–æ—Ç—Ä–∞,1 –≥–æ–¥ –Ω–∞–∑–∞–¥
Bare minimum chess program in C: part 3 - move generator,https://www.youtube.com//watch?v=9etLmi-kVFU,192 –ø—Ä–æ—Å–º–æ—Ç—Ä–∞,1 –≥–æ–¥ –Ω–∞–∑–∞–¥
Bare minimum chess program in C: Part2 - board representation & piece encoding,https://www.youtube.com//watch?v=7fzKxGRDFzE,175 –ø—Ä–æ—Å–º–æ—Ç—Ä–æ–≤,1 –≥–æ–¥ –Ω–∞–∑–∞–¥
Bare minimum chess program in C: Part1 - design and implementation overview + demonstration,https://www.youtube.com//watch?v=927rfAPHX6E,446 –ø—Ä–æ—Å–º–æ—Ç—Ä–æ–≤,1 –≥–æ–¥ –Ω–∞–∑–∞–¥
Low level program's control flow theory: part 3 - function calls implementation [Code Monkey King],https://www.youtube.com//watch?v=TbxKnycmZhQ,27 –ø—Ä–æ—Å–º–æ—Ç—Ä–æ–≤,1 –≥–æ–¥ –Ω–∞–∑–∞–¥
Low level program's control flow theory: goto label statement(jump instruction) [Code Monkey King],https://www.youtube.com//watch?v=U7TcEFb3ajg,18 –ø—Ä–æ—Å–º–æ—Ç—Ä–æ–≤,1 –≥–æ–¥ –Ω–∞–∑–∞–¥
Low level program's control flow theory: part 1 - instruction pointer register [Code Monkey King],https://www.youtube.com//watch?v=mE1kJZJdsOY,32 –ø—Ä–æ—Å–º–æ—Ç—Ä–∞,1 –≥–æ–¥ –Ω–∞–∑–∞–¥
Brainfuck programming tutorial: part 6 - if statements,https://www.youtube.com//watch?v=4DEEtKX_Yk8,446 –ø—Ä–æ—Å–º–æ—Ç—Ä–æ–≤,1 –≥–æ–¥ –Ω–∞–∑–∞–¥
Brainfuck programming tutorial: part 5 - loops and simple arithmetics,https://www.youtube.com//watch?v=TvUGifUrv_E,254 –ø—Ä–æ—Å–º–æ—Ç—Ä–∞,1 –≥–æ–¥ –Ω–∞–∑–∞–¥
Brainfuck programming tutorial: part 4 - read text to memory,https://www.youtube.com//watch?v=HhhixmoyOlo,241 –ø—Ä–æ—Å–º–æ—Ç—Ä,1 –≥–æ–¥ –Ω–∞–∑–∞–¥
Brainfuck programming tutorial: part 3 - variables,https://www.youtube.com//watch?v=0YjV-GygDGU,475 –ø—Ä–æ—Å–º–æ—Ç—Ä–æ–≤,1 –≥–æ–¥ –Ω–∞–∑–∞–¥
Brainfuck programming tutorial: part2 - environment & example programs,https://www.youtube.com//watch?v=TufOxj6YAOs,602 –ø—Ä–æ—Å–º–æ—Ç—Ä–∞,1 –≥–æ–¥ –Ω–∞–∑–∞–¥
Brainfuck programming tutorial: part 1 -  language reference,https://www.youtube.com//watch?v=nyfj3O6sYao,"1,9¬†—Ç—ã—Å. –ø—Ä–æ—Å–º–æ—Ç—Ä–æ–≤",1 –≥–æ–¥ –Ω–∞–∑–∞–¥
Brainfuck interpreter written in brainfuck: dbfi - by Daniel B. Christofani - part 3: application,https://www.youtube.com//watch?v=4uFHd1vGPhk,114 –ø—Ä–æ—Å–º–æ—Ç—Ä–æ–≤,1 –≥–æ–¥ –Ω–∞–∑–∞–¥
Brainfuck interpreter written in brainfuck: dbfi - by Daniel B. Christofani - part 2: implementation,https://www.youtube.com//watch?v=oyi-FxVP_ps,83 –ø—Ä–æ—Å–º–æ—Ç—Ä–∞,1 –≥–æ–¥ –Ω–∞–∑–∞–¥
Brainfuck interpreter written in brainfuck: dbfi - by Daniel B. Christofani - part 1: introduction,https://www.youtube.com//watch?v=0BVFb-3D2Eg,186 –ø—Ä–æ—Å–º–æ—Ç—Ä–æ–≤,1 –≥–æ–¥ –Ω–∞–∑–∞–¥
BOSS: Experimental brainfuck programming language environment for DOS [Code Monkey King],https://www.youtube.com//watch?v=MY4Y_sTVoLs,264 –ø—Ä–æ—Å–º–æ—Ç—Ä–∞,1 –≥–æ–¥ –Ω–∞–∑–∞–¥
"16-bit x86 Real mode OS - system shell, text editor, file I/O and brainfuck interpreter",https://www.youtube.com//watch?v=WeNI1k9--TQ,376 –ø—Ä–æ—Å–º–æ—Ç—Ä–æ–≤,1 –≥–æ–¥ –Ω–∞–∑–∞–¥
Obfuscated C project: coding minimalist chess engine in one video [Code Monkey King],https://www.youtube.com//watch?v=o1LupngtCcQ,347 –ø—Ä–æ—Å–º–æ—Ç—Ä–æ–≤,1 –≥–æ–¥ –Ω–∞–∑–∞–¥
Beginner's C project: coding a brainfuck programming language interpreter [Code Monkey King],https://www.youtube.com//watch?v=fVf6A9hfFtk,447 –ø—Ä–æ—Å–º–æ—Ç—Ä–æ–≤,1 –≥–æ–¥ –Ω–∞–∑–∞–¥
Beginner's C project: coding a simple program for making programming videos [Code Monkey King],https://www.youtube.com//watch?v=UI8Y7f7mcrM,106 –ø—Ä–æ—Å–º–æ—Ç—Ä–æ–≤,1 –≥–æ–¥ –Ω–∞–∑–∞–¥
